heart_rate,body_temperature,screen_time,activity_level,self_reported_fatigue,mood,fatigue_level
60,36.4,90,5,1,4,0
61.10454298209005, 36.49563903859932, 92.57586277443072, 5.0, 1.0, 4.0, 0.0
66.83231275349414, 36.46817089012751, 98.42804491811064, 5.0, 1.0, 5.0, 0.0
64.51359868983181, 36.451087587049244, 94.38281445006267, 5.0, 1.0, 4.0, 0.0
60.185710274571996, 36.476255998120465, 96.91995404502659, 5.0, 1.0, 4.0, 0.0
67.8236426298392, 36.497300937835554, 92.15389006779289,  5.0, 1.0, 5.0, 0.0
66.62620066940843, 36.42386438104849, 97.21721623293256,  5.0, 1.0, 5.0, 0.0
60.84702159578879, 36.4353988908741, 90.98293921596877,  5.0, 1.0, 4.0, 0.0
67.61335374422907, 36.41802414501728, 96.6156373249023,  5.0, 1.0, 5.0, 0.0
63.470189160035176, 36.48278573089978, 90.36856081889935,  5.0, 1.0, 4.0, 0.0
60.46672555420798, 36.41480390046745, 96.57595765508955,  5.0, 1.0, 4.0, 0.0
66.42629370030583, 36.444956070753804, 93.9003672761401,  5.0, 1.0, 5.0, 0.0
62.45416392031296, 36.470552035831936, 90.28793938536617,  5.0, 1.0, 4.0, 0.0
66.11555892551944, 36.42331563514573, 93.06488760946915,  5.0, 1.0, 5.0, 0.0
65.11530425220106, 36.40590722174178, 91.91171545023694,  5.0, 1.0, 5.0, 0.0
62.06956250244418, 36.41349509248148, 95.7450705375713,  5.0, 1.0, 4.0, 0.0
63.01493516632053, 36.487477416111354, 99.48911278850509,  5.0, 1.0, 4.0, 0.0
60.514077802480764, 36.49323601402493, 98.19384213761648,  5.0, 1.0, 4.0, 0.0
61.57612750755676, 36.47099158868722, 95.89075542885886,  5.0, 1.0, 4.0, 0.0
64.2100716101988, 36.49123370988252, 98.83996356371958,  5.0, 1.0, 4.0, 0.0
60.66445316423661, 36.44340404314469, 95.626493213249,  5.0, 1.0, 4.0, 0.0
65.80141668857456, 36.431154215942785, 94.37659280556974,  5.0, 1.0, 5.0, 0.0
62.74945737867305, 36.430580859331155, 95.87741350521023,  5.0, 1.0, 4.0, 0.0
64.23458655619756, 36.43030327794299, 97.88784387996455,  5.0, 1.0, 4.0, 0.0
62.07843475474672, 36.47204079171663, 96.14837912966794,  5.0, 1.0, 4.0, 0.0
65.50170462462663, 36.49429240424417, 97.98436298649964,  5.0, 1.0, 5.0, 0.0
66.34410924465526, 36.46436163565752, 93.93519375435045, 5.0, 1.0, 5.0, 0.0
60.422979144264354, 36.46998485575804, 98.0729447226765,  5.0, 1.0, 4.0, 0.0
60.33783222292543, 36.47836838181951, 94.58606571920386,  5.0, 1.0, 4.0, 0.0
61.77720626376455, 36.49439188746464, 93.12423108542615,  5.0, 1.0, 4.0, 0.0
61.39878423091197, 36.40426682027158, 95.90637026625191,  5.0, 1.0, 4.0, 0.0
67.22772696536706, 36.45647934621447, 95.1916242288429, 5.0, 1.0, 5.0, 0.0
65.23330250398688, 36.42348592448294, 96.76978286277215,  5.0, 1.0, 4.0, 0.0
62.69925823053682, 36.432123656272214, 98.10374763313663,  5.0, 1.0, 4.0, 0.0
64.63794371369542, 36.41776183164113, 94.51917729363496,  5.0, 1.0, 4.0, 0.0
60.94056118635591, 36.49524946034831, 97.60032169257673,  5.0, 1.0, 4.0, 0.0
63.43685901107634, 36.45121267439357, 98.1082548662605,  5.0, 1.0, 4.0, 0.0
61.31753793532071, 36.49488503596539, 97.45952275530454,  5.0, 1.0, 4.0, 0.0
60.86112045951215, 36.48917718067214, 90.66791815120691, 5.0, 1.0, 4.0, 0.0
66.29267136957887, 36.48048695101741, 97.56260408064145,  5.0, 1.0, 5.0, 0.0
66.09200615100896, 36.47711865072174, 96.36976354678117,  5.0, 1.0, 5.0, 0.0
60.31133668071922, 36.48058573913339, 96.98778705964976,  5.0, 1.0, 4.0, 0.0
63.05617378788887, 36.437058426680174, 97.07102277706096,  5.0, 1.0, 4.0, 0.0
61.6331772165423, 36.40517034381391, 96.06547783242103,  5.0, 1.0, 4.0, 0.0
64.64763514375015, 36.4165702582481, 91.7201448407331,  5.0, 1.0, 4.0, 0.0
66.16363315593006, 36.45426783600208, 98.17495296476161,  5.0, 1.0, 5.0, 0.0
60.3613030424607, 36.43478127971345, 99.68349760704856,  5.0, 1.0, 4.0, 0.0
63.049302149931565, 36.4977037980603, 98.49311991886888,  5.0, 1.0, 4.0, 0.0
64.7990847293585, 36.4684092146676, 94.7919224369702,  5.0, 1.0, 4.0, 0.0
64.99428628330684, 36.467832334222666, 90.96472545964168,  5.0, 1.0, 4.0, 0.0
60.58856473369757, 36.489152217859, 97.8215433669412, 5.0, 1.0, 4.0, 0.0
62.02192350296214, 36.420391481702946, 95.25303532794616,  5.0, 1.0, 4.0, 0.0
61.96956055342672, 36.4606173323657, 96.41691638535272,  5.0, 1.0, 4.0, 0.0
63.912507998574005, 36.41129641896859, 92.64791356735604,  5.0, 1.0, 4.0, 0.0
60.45644922707272, 36.46676887330817, 95.1782332154978,  5.0, 1.0, 4.0, 0.0
61.18283564129912, 36.40447818838506, 97.03130927256752,  5.0, 1.0, 4.0, 0.0
60.69347059582119, 36.48879249859814, 96.45466002961154,  5.0, 1.0, 4.0, 0.0
63.99079749027876, 36.42924530877573, 99.11350683720502,  5.0, 1.0, 4.0, 0.0
63.39191896961452, 36.46594216173895, 90.66043016976782,  5.0, 1.0, 4.0, 0.0
65.14087450550102, 36.415445991337024, 93.98414202027613,  5.0, 1.0, 5.0, 0.0
63.85324039472708, 36.418577373773565, 92.76921562529162,  5.0, 1.0, 4.0, 0.0
61.75731793198105, 36.47719676755682, 92.08179360661604,  5.0, 1.0, 4.0, 0.0
61.79065791615493, 36.44188638623068, 98.24371984518943,  5.0, 1.0, 4.0, 0.0
60.40722344206339, 36.417428508407175, 93.39660747699316,  5.0, 1.0, 4.0, 0.0
60.43712513487094, 36.496709311663595, 91.04519614017736,  5.0, 1.0, 4.0, 0.0
65.6887451316184, 36.46131737115673, 96.0457290750315,  5.0, 1.0, 5.0, 0.0
60.75855088550662, 36.47808152065711, 90.50641714604835,  5.0, 1.0, 4.0, 0.0
64.49608026555695, 36.46396542804504, 99.13337046953352,  5.0, 1.0, 4.0, 0.0
66.39287778871892, 36.421978444143635, 96.75837090545828,  5.0, 1.0, 5.0, 0.0
62.70678546413985, 36.422270145554236, 99.81950610100157,  5.0, 1.0, 4.0, 0.0
61.82176448758751, 36.47457127678617, 92.56954209019352,  5.0, 1.0, 4.0, 0.0
64.36571946940926, 36.44522228187085, 91.89000096039428, 5.0, 1.0, 4.0, 0.0
60.36237182719587, 36.479848240907196, 97.40387696470299,  5.0, 1.0, 4.0, 0.0
63.04173417283294, 36.40561868307928, 94.25129043063095,  5.0, 1.0, 4.0, 0.0
66.53602464637567, 36.44821538861927, 91.7051186618884,  5.0, 1.0, 5.0, 0.0
60.86271768227755, 36.415193777138775, 90.89654607516564,  5.0, 1.0, 4.0, 0.0
65.25340119930916, 36.45883989967204, 94.16833063937203,  5.0, 1.0, 5.0, 0.0
60.70003182898826, 36.41350876818623, 98.45866736105696,  5.0, 1.0, 4.0, 0.0
63.24098116659926, 36.44278812634671, 98.17070213821276,  5.0, 1.0, 4.0, 0.0
62.50150577837228, 36.47110935306558, 98.17979338488566,  5.0, 1.0, 4.0, 0.0
66.81841456154166, 36.4731715562372, 99.01563564464678,  5.0, 1.0, 5.0, 0.0
66.83026067040167, 36.48463538327616, 95.524251918026,  5.0, 1.0, 5.0, 0.0
60.64638776710429, 36.429000227691374, 96.22787052999954,  5.0, 1.0, 4.0, 0.0
64.95170632487247, 36.40834713490836, 91.03078047721677,  5.0, 1.0, 4.0, 0.0
62.67138876127498, 36.42835656876936, 95.87463116626222, 5.0, 1.0, 4.0, 0.0
64.22626885869966, 36.49141758507043, 96.17622933519522,  5.0, 1.0, 4.0, 0.0
64.45289944062237, 36.46947794870685, 99.25866152527354,  5.0, 1.0, 4.0, 0.0
60.93224327327248, 36.44852492081869, 94.91357665880591,  5.0, 1.0, 4.0, 0.0
61.46412674356737, 36.46351940624246, 96.31186107218677,  5.0, 1.0, 4.0, 0.0
66.01183739641296, 36.450255258982654, 96.96437843989132,  5.0, 1.0, 5.0, 0.0
65.77026529947363, 36.46433045119144, 92.72518096548462,  5.0, 1.0, 5.0, 0.0
64.9321049966493, 36.46722685499436, 91.95193203467527,  5.0, 1.0, 4.0, 0.0
62.5879503866446, 36.42265660017351, 96.83867232763361,  5.0, 1.0, 4.0, 0.0
68,36.5,100,5,1,5,0
68.18,36.56,122.63,5.00,1.00,5.00,0.00
69.13,36.53,119.03,5.00,1.00,5.00,0.00
69.96,36.52,119.69,5.00,1.00,5.00,0.00
68.66,36.53,117.34,5.00,1.00,5.00,0.00
69.48,36.59,103.26,5.00,1.00,5.00,0.00
68.09,36.53,107.23,5.00,1.00,5.00,0.00
68.21,36.51,103.28,5.00,1.00,5.00,0.00
68.69,36.54,114.48,5.00,1.00,5.00,0.00
69.46,36.55,101.78,5.00,1.00,5.00,0.00
68.61,36.53,112.77,5.00,1.00,5.00,0.00
69.81,36.59,120.26,5.00,1.00,5.00,0.00
69.72,36.54,119.36,5.00,1.00,5.00,0.00
69.49,36.57,111.09,5.00,1.00,5.00,0.00
69.87,36.50,124.05,5.00,1.00,5.00,0.00
69.03,36.56,122.75,5.00,1.00,5.00,0.00
69.34,36.52,112.87,5.00,1.00,5.00,0.00
68.83,36.59,115.80,5.00,1.00,5.00,0.00
69.34,36.55,109.87,5.00,1.00,5.00,0.00
69.93,36.56,118.53,5.00,1.00,5.00,0.00
68.77,36.58,111.85,5.00,1.00,5.00,0.00
69.65,36.57,106.49,5.00,1.00,5.00,0.00
69.64,36.59,110.98,5.00,1.00,5.00,0.00
68.42,36.52,108.50,5.00,1.00,5.00,0.00
68.38,36.50,100.23,5.00,1.00,5.00,0.00
68.17,36.58,121.98,5.00,1.00,5.00,0.00
68.84,36.53,123.16,5.00,1.00,5.00,0.00
69.57,36.51,122.17,5.00,1.00,5.00,0.00
69.46,36.58,117.15,5.00,1.00,5.00,0.00
69.38,36.53,115.26,5.00,1.00,5.00,0.00
69.57,36.52,108.57,5.00,1.00,5.00,0.00
69.97,36.54,123.93,5.00,1.00,5.00,0.00
69.31,36.55,117.37,5.00,1.00,5.00,0.00
69.91,36.50,113.11,5.00,1.00,5.00,0.00
69.12,36.57,103.00,5.00,1.00,5.00,0.00
68.48,36.58,108.75,5.00,1.00,5.00,0.00
68.11,36.57,122.60,5.00,1.00,5.00,0.00
69.25,36.55,115.94,5.00,1.00,5.00,0.00
69.70,36.51,100.42,5.00,1.00,5.00,0.00
68.08,36.59,111.11,5.00,1.00,5.00,0.00
69.27,36.54,105.64,5.00,1.00,5.00,0.00
68.86,36.51,110.03,5.00,1.00,5.00,0.00
68.97,36.52,116.18,5.00,1.00,5.00,0.00
69.53,36.54,124.17,5.00,1.00,5.00,0.00
68.43,36.58,113.78,5.00,1.00,5.00,0.00
68.16,36.57,122.26,5.00,1.00,5.00,0.00
69.18,36.59,108.32,5.00,1.00,5.00,0.00
68.82,36.54,105.24,5.00,1.00,5.00,0.00
68.08,36.56,123.04,5.00,1.00,5.00,0.00
68.41,36.50,116.01,5.00,1.00,5.00,0.00
69.13,36.58,113.05,5.00,1.00,5.00,0.00
70,36.6, 125,5,1,5,0
70.62,36.70,125.00,4.00,2.00,4.00,1.00
71.51,36.65,125.00,4.00,2.00,4.00,1.00
70.66,36.63,125.00,4.00,2.00,4.00,1.00
70.01,36.66,125.00,4.00,2.00,4.00,1.00
71.19,36.66,125.00,4.00,2.00,4.00,1.00
70.28,36.60,125.00,4.00,2.00,4.00,1.00
70.35,36.69,125.00,4.00,2.00,4.00,1.00
71.95,36.61,125.00,4.00,2.00,4.00,1.00
70.40,36.66,125.00,4.00,2.00,4.00,1.00
71.64,36.60,125.00,4.00,2.00,4.00,1.00
71.85,36.66,125.00,4.00,2.00,4.00,1.00
71.37,36.66,125.00,4.00,2.00,4.00,1.00
70.36,36.62,125.00,4.00,2.00,4.00,1.00
71.82,36.64,125.00,4.00,2.00,4.00,1.00
70.37,36.70,125.00,4.00,2.00,4.00,1.00
70.19,36.65,125.00,4.00,2.00,4.00,1.00
71.89,36.61,125.00,4.00,2.00,4.00,1.00
71.48,36.65,125.00,4.00,2.00,4.00,1.00
71.68,36.64,125.00,4.00,2.00,4.00,1.00
70.57,36.61,125.00,4.00,2.00,4.00,1.00
71.65,36.63,125.00,4.00,2.00,4.00,1.00
70.49,36.62,125.00,4.00,2.00,4.00,1.00
70.32,36.65,125.00,4.00,2.00,4.00,1.00
71.85,36.62,125.00,4.00,2.00,4.00,1.00
70.41,36.63,125.00,4.00,2.00,4.00,1.00
71.06,36.63,125.00,4.00,2.00,4.00,1.00
70.21,36.70,125.00,4.00,2.00,4.00,1.00
70.74,36.64,125.00,4.00,2.00,4.00,1.00
70.25,36.61,125.00,4.00,2.00,4.00,1.00
71.74,36.62,125.00,4.00,2.00,4.00,1.00
70.35,36.63,125.00,4.00,2.00,4.00,1.00
71.35,36.67,125.00,4.00,2.00,4.00,1.00
70.09,36.62,125.00,4.00,2.00,4.00,1.00
71.15,36.63,125.00,4.00,2.00,4.00,1.00
71.96,36.66,125.00,4.00,2.00,4.00,1.00
71.08,36.68,125.00,4.00,2.00,4.00,1.00
70.42,36.68,125.00,4.00,2.00,4.00,1.00
70.36,36.61,125.00,4.00,2.00,4.00,1.00
71.24,36.66,125.00,4.00,2.00,4.00,1.00
71.13,36.64,125.00,4.00,2.00,4.00,1.00
71.68,36.67,125.00,4.00,2.00,4.00,1.00
70.00,36.61,125.00,4.00,2.00,4.00,1.00
70.72,36.63,125.00,4.00,2.00,4.00,1.00
70.38,36.69,125.00,4.00,2.00,4.00,1.00
71.70,36.69,125.00,4.00,2.00,4.00,1.00
70.58,36.67,125.00,4.00,2.00,4.00,1.00
71.94,36.67,125.00,4.00,2.00,4.00,1.00
70.40,36.63,125.00,4.00,2.00,4.00,1.00
70.46,36.62,125.00,4.00,2.00,4.00,1.00
70.63,36.61,125.00,4.00,2.00,4.00,1.00
72,36.7,150,4,2,4,1
72.35,36.73,150.16,4.00,2.00,4.00,1.00
72.99,36.76,154.89,4.00,2.00,4.00,1.00
72.85,36.76,151.78,4.00,2.00,4.00,1.00
72.41,36.75,153.77,4.00,2.00,4.00,1.00
72.99,36.74,151.89,4.00,2.00,4.00,1.00
72.00,36.79,158.17,4.00,2.00,4.00,1.00
72.59,36.76,164.57,4.00,2.00,4.00,1.00
72.05,36.75,152.26,4.00,2.00,4.00,1.00
72.32,36.71,161.01,4.00,2.00,4.00,1.00
72.63,36.76,161.78,4.00,2.00,4.00,1.00
72.69,36.76,164.94,4.00,2.00,4.00,1.00
72.97,36.78,155.61,4.00,2.00,4.00,1.00
72.17,36.74,159.85,4.00,2.00,4.00,1.00
72.30,36.79,157.49,4.00,2.00,4.00,1.00
72.66,36.75,163.37,4.00,2.00,4.00,1.00
72.81,36.73,156.71,4.00,2.00,4.00,1.00
72.52,36.71,152.21,4.00,2.00,4.00,1.00
72.31,36.72,157.27,4.00,2.00,4.00,1.00
72.88,36.78,163.90,4.00,2.00,4.00,1.00
72.47,36.78,155.90,4.00,2.00,4.00,1.00
72.70,36.74,157.73,4.00,2.00,4.00,1.00
72.67,36.73,155.96,4.00,2.00,4.00,1.00
72.44,36.78,155.84,4.00,2.00,4.00,1.00
72.83,36.74,163.98,4.00,2.00,4.00,1.00
72.45,36.74,156.73,4.00,2.00,4.00,1.00
72.73,36.74,155.06,4.00,2.00,4.00,1.00
72.60,36.77,153.51,4.00,2.00,4.00,1.00
72.64,36.80,154.11,4.00,2.00,4.00,1.00
72.10,36.73,150.70,4.00,2.00,4.00,1.00
72.18,36.76,158.62,4.00,2.00,4.00,1.00
72.10,36.75,155.62,4.00,2.00,4.00,1.00
72.46,36.79,152.46,4.00,2.00,4.00,1.00
72.20,36.72,154.44,4.00,2.00,4.00,1.00
72.90,36.78,159.03,4.00,2.00,4.00,1.00
72.33,36.71,163.85,4.00,2.00,4.00,1.00
72.56,36.76,151.95,4.00,2.00,4.00,1.00
72.30,36.76,164.68,4.00,2.00,4.00,1.00
72.21,36.72,159.64,4.00,2.00,4.00,1.00
72.97,36.74,152.68,4.00,2.00,4.00,1.00
72.68,36.78,152.24,4.00,2.00,4.00,1.00
72.13,36.71,159.60,4.00,2.00,4.00,1.00
72.80,36.79,151.95,4.00,2.00,4.00,1.00
72.91,36.79,159.61,4.00,2.00,4.00,1.00
73.00,36.70,162.11,4.00,2.00,4.00,1.00
72.34,36.71,155.66,4.00,2.00,4.00,1.00
72.78,36.72,164.18,4.00,2.00,4.00,1.00
72.36,36.80,162.79,4.00,2.00,4.00,1.00
72.96,36.76,150.42,4.00,2.00,4.00,1.00
72.08,36.71,160.85,4.00,2.00,4.00,1.00
72.55,36.72,160.73,4.00,2.00,4.00,1.00
73, 36.8, 165, 4, 2, 3, 1
73.61,36.80,170.84,4.00,2.00,3.00,1.00
74.00,36.80,166.62,4.00,2.00,3.00,1.00
73.83,36.80,177.40,4.00,2.00,3.00,1.00
73.21,36.80,166.84,4.00,2.00,3.00,1.00
73.09,36.80,177.36,4.00,2.00,3.00,1.00
73.39,36.80,177.39,4.00,2.00,3.00,1.00
73.14,36.80,165.18,4.00,2.00,3.00,1.00
73.69,36.80,179.30,4.00,2.00,3.00,1.00
73.45,36.80,165.74,4.00,2.00,3.00,1.00
73.33,36.80,166.88,4.00,2.00,3.00,1.00
73.30,36.80,170.47,4.00,2.00,3.00,1.00
73.82,36.80,172.58,4.00,2.00,3.00,1.00
73.69,36.80,170.95,4.00,2.00,3.00,1.00
73.43,36.80,166.76,4.00,2.00,3.00,1.00
73.69,36.80,176.39,4.00,2.00,3.00,1.00
73.75,36.80,179.68,4.00,2.00,3.00,1.00
73.42,36.80,169.30,4.00,2.00,3.00,1.00
73.82,36.80,178.81,4.00,2.00,3.00,1.00
73.68,36.80,179.15,4.00,2.00,3.00,1.00
73.19,36.80,177.40,4.00,2.00,3.00,1.00
73.56,36.80,171.37,4.00,2.00,3.00,1.00
73.75,36.80,172.43,4.00,2.00,3.00,1.00
73.59,36.80,168.68,4.00,2.00,3.00,1.00
73.63,36.80,177.22,4.00,2.00,3.00,1.00
73.87,36.80,171.70,4.00,2.00,3.00,1.00
73.62,36.80,166.46,4.00,2.00,3.00,1.00
73.52,36.80,179.77,4.00,2.00,3.00,1.00
73.39,36.80,168.06,4.00,2.00,3.00,1.00
73.95,36.80,178.29,4.00,2.00,3.00,1.00
73.01,36.80,173.62,4.00,2.00,3.00,1.00
73.83,36.80,168.28,4.00,2.00,3.00,1.00
73.66,36.80,167.89,4.00,2.00,3.00,1.00
73.74,36.80,174.48,4.00,2.00,3.00,1.00
73.21,36.80,176.71,4.00,2.00,3.00,1.00
73.46,36.80,177.89,4.00,2.00,3.00,1.00
73.40,36.80,177.92,4.00,2.00,3.00,1.00
73.21,36.80,176.13,4.00,2.00,3.00,1.00
73.70,36.80,168.92,4.00,2.00,3.00,1.00
73.58,36.80,176.95,4.00,2.00,3.00,1.00
73.35,36.80,174.90,4.00,2.00,3.00,1.00
73.88,36.80,165.78,4.00,2.00,3.00,1.00
73.93,36.80,166.53,4.00,2.00,3.00,1.00
73.54,36.80,174.43,4.00,2.00,3.00,1.00
73.93,36.80,168.93,4.00,2.00,3.00,1.00
73.53,36.80,178.80,4.00,2.00,3.00,1.00
73.94,36.80,173.44,4.00,2.00,3.00,1.00
73.11,36.80,174.00,4.00,2.00,3.00,1.00
73.67,36.80,171.70,4.00,2.00,3.00,1.00
73.21,36.80,165.43,4.00,2.00,3.00,1.00
73.22,36.80,173.09,4.00,2.00,3.00,1.00
74,36.8,180,4,2,3,1
77.29,36.86,196.92,3.00,3.00,3.00,2.00
75.64,36.88,188.74,3.00,3.00,3.00,2.00
75.36,36.86,181.42,3.00,3.00,3.00,2.00
77.25,36.84,183.14,3.00,3.00,3.00,2.00
75.21,36.81,180.35,3.00,3.00,3.00,2.00
75.77,36.85,194.87,3.00,3.00,3.00,2.00
74.92,36.84,182.71,3.00,3.00,3.00,2.00
77.06,36.85,190.57,3.00,3.00,3.00,2.00
74.05,36.87,183.20,3.00,3.00,3.00,2.00
77.60,36.88,190.66,3.00,3.00,3.00,2.00
77.23,36.81,187.97,3.00,3.00,3.00,2.00
75.23,36.84,189.74,3.00,3.00,3.00,2.00
76.83,36.82,184.30,3.00,3.00,3.00,2.00
77.59,36.81,183.56,3.00,3.00,3.00,2.00
74.17,36.83,182.58,3.00,3.00,3.00,2.00
75.56,36.81,197.07,3.00,3.00,3.00,2.00
74.43,36.85,191.39,3.00,3.00,3.00,2.00
77.65,36.90,191.96,3.00,3.00,3.00,2.00
76.89,36.86,183.69,3.00,3.00,3.00,2.00
75.07,36.85,183.60,3.00,3.00,3.00,2.00
76.00,36.80,196.60,3.00,3.00,3.00,2.00
77.48,36.80,193.57,3.00,3.00,3.00,2.00
77.67,36.88,199.52,3.00,3.00,3.00,2.00
75.80,36.87,185.65,3.00,3.00,3.00,2.00
74.79,36.84,195.35,3.00,3.00,3.00,2.00
75.99,36.82,180.57,3.00,3.00,3.00,2.00
77.81,36.82,194.42,3.00,3.00,3.00,2.00
76.68,36.85,183.56,3.00,3.00,3.00,2.00
74.58,36.84,192.78,3.00,3.00,3.00,2.00
76.91,36.87,181.93,3.00,3.00,3.00,2.00
75.60,36.83,198.15,3.00,3.00,3.00,2.00
75.10,36.87,182.66,3.00,3.00,3.00,2.00
77.02,36.81,186.38,3.00,3.00,3.00,2.00
75.69,36.83,193.87,3.00,3.00,3.00,2.00
74.20,36.89,187.06,3.00,3.00,3.00,2.00
77.23,36.85,189.37,3.00,3.00,3.00,2.00
74.62,36.86,183.85,3.00,3.00,3.00,2.00
75.16,36.89,199.88,3.00,3.00,3.00,2.00
75.98,36.85,180.41,3.00,3.00,3.00,2.00
74.05,36.82,195.97,3.00,3.00,3.00,2.00
76.81,36.81,181.48,3.00,3.00,3.00,2.00
75.56,36.82,188.43,3.00,3.00,3.00,2.00
74.06,36.88,186.74,3.00,3.00,3.00,2.00
74.12,36.87,192.98,3.00,3.00,3.00,2.00
76.14,36.82,188.91,3.00,3.00,3.00,2.00
77.61,36.89,181.24,3.00,3.00,3.00,2.00
75.52,36.85,191.78,3.00,3.00,3.00,2.00
77.27,36.87,184.24,3.00,3.00,3.00,2.00
77.22,36.89,189.46,3.00,3.00,3.00,2.00
74.10,36.88,199.10,3.00,3.00,3.00,2.00
78,36.9,200,3,3,3,2
78.71,36.94,209.93,3.00,3.00,3.00,2.00
78.29,36.94,208.35,3.00,3.00,3.00,2.00
78.96,36.93,207.47,3.00,3.00,3.00,2.00
78.71,36.92,209.75,3.00,3.00,3.00,2.00
78.49,36.94,207.72,3.00,3.00,3.00,2.00
78.90,36.90,207.92,3.00,3.00,3.00,2.00
78.42,36.91,201.33,3.00,3.00,3.00,2.00
78.36,36.93,201.33,3.00,3.00,3.00,2.00
78.73,36.92,205.06,3.00,3.00,3.00,2.00
78.31,36.94,201.45,3.00,3.00,3.00,2.00
78.36,36.92,207.55,3.00,3.00,3.00,2.00
78.31,36.93,202.67,3.00,3.00,3.00,2.00
78.01,36.92,208.51,3.00,3.00,3.00,2.00
78.99,36.94,206.15,3.00,3.00,3.00,2.00
78.46,36.90,202.41,3.00,3.00,3.00,2.00
78.50,36.94,202.20,3.00,3.00,3.00,2.00
78.98,36.94,203.86,3.00,3.00,3.00,2.00
78.01,36.92,200.13,3.00,3.00,3.00,2.00
78.98,36.91,207.40,3.00,3.00,3.00,2.00
78.31,36.92,200.69,3.00,3.00,3.00,2.00
78.23,36.92,201.48,3.00,3.00,3.00,2.00
78.09,36.91,208.92,3.00,3.00,3.00,2.00
78.27,36.93,209.90,3.00,3.00,3.00,2.00
78.13,36.91,200.32,3.00,3.00,3.00,2.00
78.17,36.93,200.46,3.00,3.00,3.00,2.00
78.82,36.93,205.14,3.00,3.00,3.00,2.00
78.66,36.92,205.71,3.00,3.00,3.00,2.00
78.42,36.91,200.12,3.00,3.00,3.00,2.00
78.45,36.94,203.87,3.00,3.00,3.00,2.00
78.43,36.91,206.10,3.00,3.00,3.00,2.00
78.96,36.95,207.90,3.00,3.00,3.00,2.00
78.15,36.90,203.20,3.00,3.00,3.00,2.00
78.70,36.92,208.18,3.00,3.00,3.00,2.00
78.23,36.94,202.23,3.00,3.00,3.00,2.00
78.43,36.93,205.44,3.00,3.00,3.00,2.00
78.35,36.95,200.63,3.00,3.00,3.00,2.00
78.54,36.93,208.51,3.00,3.00,3.00,2.00
78.37,36.95,206.51,3.00,3.00,3.00,2.00
78.76,36.91,201.98,3.00,3.00,3.00,2.00
78.81,36.93,204.87,3.00,3.00,3.00,2.00
78.11,36.94,202.21,3.00,3.00,3.00,2.00
78.34,36.94,204.54,3.00,3.00,3.00,2.00
78.30,36.93,202.63,3.00,3.00,3.00,2.00
78.92,36.90,206.90,3.00,3.00,3.00,2.00
78.90,36.94,202.70,3.00,3.00,3.00,2.00
78.43,36.94,205.71,3.00,3.00,3.00,2.00
78.39,36.91,208.34,3.00,3.00,3.00,2.00
78.53,36.92,203.43,3.00,3.00,3.00,2.00
78.68,36.92,206.01,3.00,3.00,3.00,2.00
78.16,36.91,203.53,3.00,3.00,3.00,2.00
79, 36.9, 210, 3,3,3,2
79.73,37.00,216.79,3.00,4.00,2.00,3.00
79.63,36.96,216.84,3.00,4.00,2.00,3.00
79.87,36.97,218.39,3.00,4.00,2.00,3.00
79.36,36.96,212.55,3.00,4.00,2.00,3.00
79.68,36.97,215.98,3.00,4.00,2.00,3.00
79.01,37.00,210.45,3.00,4.00,2.00,3.00
79.72,37.00,217.30,3.00,4.00,2.00,3.00
79.79,36.95,213.79,3.00,4.00,2.00,3.00
79.79,36.98,215.47,3.00,4.00,2.00,3.00
79.05,37.00,213.50,3.00,4.00,2.00,3.00
79.28,37.00,214.69,3.00,4.00,2.00,3.00
79.82,36.97,211.26,3.00,4.00,2.00,3.00
79.16,36.99,216.32,3.00,4.00,2.00,3.00
79.82,36.96,217.34,3.00,4.00,2.00,3.00
79.57,36.95,211.75,3.00,4.00,2.00,3.00
79.70,36.99,210.43,3.00,4.00,2.00,3.00
79.86,36.97,218.76,3.00,4.00,2.00,3.00
79.52,36.97,219.98,3.00,4.00,2.00,3.00
79.52,36.98,219.51,3.00,4.00,2.00,3.00
79.48,36.96,212.29,3.00,4.00,2.00,3.00
79.44,36.96,213.59,3.00,4.00,2.00,3.00
79.57,36.99,211.03,3.00,4.00,2.00,3.00
79.88,36.97,210.79,3.00,4.00,2.00,3.00
79.73,36.97,219.32,3.00,4.00,2.00,3.00
79.25,36.96,215.62,3.00,4.00,2.00,3.00
79.29,36.97,211.46,3.00,4.00,2.00,3.00
79.51,36.98,214.91,3.00,4.00,2.00,3.00
79.61,36.96,218.48,3.00,4.00,2.00,3.00
79.26,36.95,214.60,3.00,4.00,2.00,3.00
79.65,36.98,213.21,3.00,4.00,2.00,3.00
79.31,36.96,216.39,3.00,4.00,2.00,3.00
79.81,36.95,215.17,3.00,4.00,2.00,3.00
79.09,36.98,213.27,3.00,4.00,2.00,3.00
79.18,36.95,219.82,3.00,4.00,2.00,3.00
79.03,36.99,219.68,3.00,4.00,2.00,3.00
79.51,36.97,219.08,3.00,4.00,2.00,3.00
79.29,36.99,215.42,3.00,4.00,2.00,3.00
79.66,36.98,219.96,3.00,4.00,2.00,3.00
79.45,36.98,216.39,3.00,4.00,2.00,3.00
79.02,36.96,215.78,3.00,4.00,2.00,3.00
79.84,36.96,215.33,3.00,4.00,2.00,3.00
79.28,36.97,216.86,3.00,4.00,2.00,3.00
79.34,36.96,212.07,3.00,4.00,2.00,3.00
79.04,37.00,219.22,3.00,4.00,2.00,3.00
79.17,36.97,211.84,3.00,4.00,2.00,3.00
79.43,36.97,216.81,3.00,4.00,2.00,3.00
79.70,36.99,219.68,3.00,4.00,2.00,3.00
79.75,36.97,216.46,3.00,4.00,2.00,3.00
79.58,36.99,215.65,3.00,4.00,2.00,3.00
79.91,36.98,215.01,3.00,4.00,2.00,3.00
80,37, 220, 3,4,2,3 
80.09,37.05,230.36,3.00,4.00,2.00,3.00
80.37,37.01,221.39,3.00,4.00,2.00,3.00
80.59,37.03,232.60,3.00,4.00,2.00,3.00
80.79,37.01,234.15,3.00,4.00,2.00,3.00
80.40,37.04,229.25,3.00,4.00,2.00,3.00
80.31,37.01,233.95,3.00,4.00,2.00,3.00
80.62,37.04,234.85,3.00,4.00,2.00,3.00
80.39,37.00,234.54,3.00,4.00,2.00,3.00
80.86,37.02,234.40,3.00,4.00,2.00,3.00
80.58,37.02,230.65,3.00,4.00,2.00,3.00
80.96,37.00,223.93,3.00,4.00,2.00,3.00
80.20,37.03,223.27,3.00,4.00,2.00,3.00
80.23,37.01,225.39,3.00,4.00,2.00,3.00
80.98,37.03,227.28,3.00,4.00,2.00,3.00
80.65,37.03,226.27,3.00,4.00,2.00,3.00
80.67,37.02,231.73,3.00,4.00,2.00,3.00
80.25,37.04,229.60,3.00,4.00,2.00,3.00
80.02,37.04,225.02,3.00,4.00,2.00,3.00
80.89,37.01,228.15,3.00,4.00,2.00,3.00
80.50,37.03,231.44,3.00,4.00,2.00,3.00
80.07,37.02,234.58,3.00,4.00,2.00,3.00
80.14,37.04,224.16,3.00,4.00,2.00,3.00
80.08,37.02,229.52,3.00,4.00,2.00,3.00
80.86,37.02,229.03,3.00,4.00,2.00,3.00
80.98,37.02,232.18,3.00,4.00,2.00,3.00
80.60,37.02,226.59,3.00,4.00,2.00,3.00
80.73,37.04,232.20,3.00,4.00,2.00,3.00
80.10,37.04,225.72,3.00,4.00,2.00,3.00
80.36,37.01,223.19,3.00,4.00,2.00,3.00
80.85,37.01,230.80,3.00,4.00,2.00,3.00
80.86,37.01,221.63,3.00,4.00,2.00,3.00
80.89,37.03,232.28,3.00,4.00,2.00,3.00
80.30,37.04,229.29,3.00,4.00,2.00,3.00
80.06,37.04,222.57,3.00,4.00,2.00,3.00
80.99,37.04,231.27,3.00,4.00,2.00,3.00
80.14,37.04,221.23,3.00,4.00,2.00,3.00
80.56,37.02,227.34,3.00,4.00,2.00,3.00
80.71,37.05,229.97,3.00,4.00,2.00,3.00
80.32,37.05,227.06,3.00,4.00,2.00,3.00
80.42,37.03,223.85,3.00,4.00,2.00,3.00
80.29,37.04,231.07,3.00,4.00,2.00,3.00
80.07,37.01,220.59,3.00,4.00,2.00,3.00
80.73,37.03,227.54,3.00,4.00,2.00,3.00
80.63,37.03,223.50,3.00,4.00,2.00,3.00
80.04,37.02,230.75,3.00,4.00,2.00,3.00
80.17,37.02,229.54,3.00,4.00,2.00,3.00
80.26,37.04,230.79,3.00,4.00,2.00,3.00
80.31,37.04,234.73,3.00,4.00,2.00,3.00
80.13,37.01,225.39,3.00,4.00,2.00,3.00
80.74,37.05,229.71,3.00,4.00,2.00,3.00
81, 37, 235, 3, 4, 2, 3
81.28,37.05,241.13,2.00,4.00,2.00,3.00
81.31,37.08,238.00,2.00,4.00,2.00,3.00
81.61,37.06,242.18,2.00,4.00,2.00,3.00
81.84,37.06,240.36,2.00,4.00,2.00,3.00
81.30,37.07,249.64,2.00,4.00,2.00,3.00
81.40,37.07,240.10,2.00,4.00,2.00,3.00
81.19,37.08,237.78,2.00,4.00,2.00,3.00
81.30,37.06,242.31,2.00,4.00,2.00,3.00
81.80,37.10,246.30,2.00,4.00,2.00,3.00
81.52,37.06,243.64,2.00,4.00,2.00,3.00
81.13,37.06,240.77,2.00,4.00,2.00,3.00
81.02,37.10,246.70,2.00,4.00,2.00,3.00
81.11,37.09,236.47,2.00,4.00,2.00,3.00
81.07,37.10,249.25,2.00,4.00,2.00,3.00
81.31,37.06,249.21,2.00,4.00,2.00,3.00
81.25,37.06,235.53,2.00,4.00,2.00,3.00
81.95,37.07,238.04,2.00,4.00,2.00,3.00
81.76,37.06,235.18,2.00,4.00,2.00,3.00
81.82,37.10,239.29,2.00,4.00,2.00,3.00
81.18,37.10,237.84,2.00,4.00,2.00,3.00
81.92,37.08,245.59,2.00,4.00,2.00,3.00
81.89,37.08,243.82,2.00,4.00,2.00,3.00
81.43,37.07,245.62,2.00,4.00,2.00,3.00
81.06,37.06,240.16,2.00,4.00,2.00,3.00
81.07,37.07,242.57,2.00,4.00,2.00,3.00
81.01,37.06,244.43,2.00,4.00,2.00,3.00
81.81,37.10,237.24,2.00,4.00,2.00,3.00
81.77,37.08,237.30,2.00,4.00,2.00,3.00
81.60,37.07,241.73,2.00,4.00,2.00,3.00
81.10,37.05,244.09,2.00,4.00,2.00,3.00
81.78,37.09,243.48,2.00,4.00,2.00,3.00
81.90,37.09,247.88,2.00,4.00,2.00,3.00
81.11,37.05,240.64,2.00,4.00,2.00,3.00
81.67,37.08,239.70,2.00,4.00,2.00,3.00
81.79,37.08,244.32,2.00,4.00,2.00,3.00
81.17,37.08,239.91,2.00,4.00,2.00,3.00
81.31,37.07,241.64,2.00,4.00,2.00,3.00
81.31,37.10,242.56,2.00,4.00,2.00,3.00
81.93,37.05,246.65,2.00,4.00,2.00,3.00
81.72,37.09,239.18,2.00,4.00,2.00,3.00
81.84,37.10,236.68,2.00,4.00,2.00,3.00
81.73,37.06,235.49,2.00,4.00,2.00,3.00
81.10,37.07,243.92,2.00,4.00,2.00,3.00
81.29,37.10,244.70,2.00,4.00,2.00,3.00
81.75,37.08,242.38,2.00,4.00,2.00,3.00
81.50,37.08,238.07,2.00,4.00,2.00,3.00
81.62,37.05,240.98,2.00,4.00,2.00,3.00
81.95,37.09,249.35,2.00,4.00,2.00,3.00
81.81,37.05,246.49,2.00,4.00,2.00,3.00
81.21,37.09,235.81,2.00,4.00,2.00,3.00
82,37.1,250,2,4,2,3
83.00,37.10,258.41,2.00,4.00,2.00,3.00
82.78,37.10,252.52,2.00,4.00,2.00,3.00
82.43,37.10,253.95,2.00,4.00,2.00,3.00
82.46,37.10,263.60,2.00,4.00,2.00,3.00
82.83,37.10,259.02,2.00,4.00,2.00,3.00
82.36,37.10,261.79,2.00,4.00,2.00,3.00
82.94,37.10,263.13,2.00,4.00,2.00,3.00
82.21,37.10,262.13,2.00,4.00,2.00,3.00
82.25,37.10,259.03,2.00,4.00,2.00,3.00
82.47,37.10,250.16,2.00,4.00,2.00,3.00
82.90,37.10,251.70,2.00,4.00,2.00,3.00
82.19,37.10,255.63,2.00,4.00,2.00,3.00
82.16,37.10,251.00,2.00,4.00,2.00,3.00
82.86,37.10,253.28,2.00,4.00,2.00,3.00
82.54,37.10,260.19,2.00,4.00,2.00,3.00
82.70,37.10,260.38,2.00,4.00,2.00,3.00
82.86,37.10,263.46,2.00,4.00,2.00,3.00
82.11,37.10,253.65,2.00,4.00,2.00,3.00
82.03,37.10,262.66,2.00,4.00,2.00,3.00
82.70,37.10,251.51,2.00,4.00,2.00,3.00
82.64,37.10,257.13,2.00,4.00,2.00,3.00
82.86,37.10,253.63,2.00,4.00,2.00,3.00
82.93,37.10,254.71,2.00,4.00,2.00,3.00
82.48,37.10,262.30,2.00,4.00,2.00,3.00
82.76,37.10,252.80,2.00,4.00,2.00,3.00
82.98,37.10,259.70,2.00,4.00,2.00,3.00
82.59,37.10,250.57,2.00,4.00,2.00,3.00
82.38,37.10,262.18,2.00,4.00,2.00,3.00
82.81,37.10,264.37,2.00,4.00,2.00,3.00
82.51,37.10,256.53,2.00,4.00,2.00,3.00
82.07,37.10,253.63,2.00,4.00,2.00,3.00
82.19,37.10,262.67,2.00,4.00,2.00,3.00
82.63,37.10,254.77,2.00,4.00,2.00,3.00
82.36,37.10,259.67,2.00,4.00,2.00,3.00
82.05,37.10,256.47,2.00,4.00,2.00,3.00
82.12,37.10,256.95,2.00,4.00,2.00,3.00
82.34,37.10,257.74,2.00,4.00,2.00,3.00
82.61,37.10,261.04,2.00,4.00,2.00,3.00
82.56,37.10,253.93,2.00,4.00,2.00,3.00
82.12,37.10,256.80,2.00,4.00,2.00,3.00
82.41,37.10,254.95,2.00,4.00,2.00,3.00
82.68,37.10,261.70,2.00,4.00,2.00,3.00
82.28,37.10,260.67,2.00,4.00,2.00,3.00
82.53,37.10,255.28,2.00,4.00,2.00,3.00
82.45,37.10,259.54,2.00,4.00,2.00,3.00
82.95,37.10,264.35,2.00,4.00,2.00,3.00
82.72,37.10,253.11,2.00,4.00,2.00,3.00
82.68,37.10,263.31,2.00,4.00,2.00,3.00
82.26,37.10,253.44,2.00,4.00,2.00,3.00
82.07,37.10,260.13,2.00,4.00,2.00,3.00
83, 37.1, 265, 2, 4, 2, 3
84.66,37.17,278.46,2.00,4.00,2.00,3.00
83.64,37.11,276.12,2.00,4.00,2.00,3.00
84.57,37.17,266.22,2.00,4.00,2.00,3.00
83.23,37.17,271.84,2.00,4.00,2.00,3.00
84.78,37.19,270.31,2.00,4.00,2.00,3.00
83.32,37.13,272.97,2.00,4.00,2.00,3.00
83.55,37.13,278.26,2.00,4.00,2.00,3.00
84.74,37.14,278.72,2.00,4.00,2.00,3.00
84.07,37.14,277.46,2.00,4.00,2.00,3.00
84.20,37.18,276.43,2.00,4.00,2.00,3.00
84.43,37.19,277.05,2.00,4.00,2.00,3.00
83.02,37.12,272.73,2.00,4.00,2.00,3.00
83.10,37.11,270.81,2.00,4.00,2.00,3.00
83.92,37.19,273.22,2.00,4.00,2.00,3.00
83.60,37.16,275.37,2.00,4.00,2.00,3.00
83.81,37.16,274.18,2.00,4.00,2.00,3.00
83.00,37.19,266.39,2.00,4.00,2.00,3.00
84.60,37.15,272.74,2.00,4.00,2.00,3.00
83.87,37.14,279.18,2.00,4.00,2.00,3.00
83.61,37.12,276.00,2.00,4.00,2.00,3.00
83.68,37.17,265.21,2.00,4.00,2.00,3.00
83.76,37.16,276.10,2.00,4.00,2.00,3.00
84.41,37.17,272.51,2.00,4.00,2.00,3.00
83.11,37.19,272.94,2.00,4.00,2.00,3.00
83.94,37.20,276.39,2.00,4.00,2.00,3.00
84.15,37.11,271.23,2.00,4.00,2.00,3.00
83.51,37.17,267.03,2.00,4.00,2.00,3.00
84.29,37.18,272.69,2.00,4.00,2.00,3.00
84.70,37.12,271.89,2.00,4.00,2.00,3.00
83.46,37.13,268.58,2.00,4.00,2.00,3.00
84.77,37.10,273.14,2.00,4.00,2.00,3.00
83.11,37.11,275.85,2.00,4.00,2.00,3.00
84.21,37.13,266.11,2.00,4.00,2.00,3.00
83.98,37.15,275.49,2.00,4.00,2.00,3.00
83.58,37.11,273.65,2.00,4.00,2.00,3.00
84.45,37.11,268.17,2.00,4.00,2.00,3.00
83.83,37.11,279.98,2.00,4.00,2.00,3.00
84.93,37.18,268.87,2.00,4.00,2.00,3.00
84.03,37.10,270.87,2.00,4.00,2.00,3.00
84.76,37.10,278.41,2.00,4.00,2.00,3.00
83.61,37.17,271.72,2.00,4.00,2.00,3.00
84.11,37.11,275.95,2.00,4.00,2.00,3.00
84.58,37.15,266.15,2.00,4.00,2.00,3.00
83.01,37.10,277.40,2.00,4.00,2.00,3.00
83.13,37.15,265.15,2.00,4.00,2.00,3.00
83.28,37.11,278.29,2.00,4.00,2.00,3.00
84.57,37.13,273.24,2.00,4.00,2.00,3.00
83.42,37.11,270.11,2.00,4.00,2.00,3.00
84.88,37.20,278.85,2.00,4.00,2.00,3.00
84.57,37.12,279.15,2.00,4.00,2.00,3.00
85,37.2,280,2,4,2,3
86.77,37.28,288.38,1.00,5.00,1.00,4.00
85.47,37.30,288.26,1.00,5.00,1.00,4.00
86.03,37.25,282.68,1.00,5.00,1.00,4.00
86.28,37.24,287.60,1.00,5.00,1.00,4.00
86.85,37.26,285.36,1.00,5.00,1.00,4.00
86.72,37.25,289.52,1.00,5.00,1.00,4.00
85.22,37.24,285.80,1.00,5.00,1.00,4.00
85.03,37.26,283.12,1.00,5.00,1.00,4.00
85.64,37.28,284.05,1.00,5.00,1.00,4.00
86.03,37.25,287.08,1.00,5.00,1.00,4.00
85.79,37.22,280.12,1.00,5.00,1.00,4.00
85.36,37.24,285.21,1.00,5.00,1.00,4.00
86.43,37.24,286.91,1.00,5.00,1.00,4.00
86.18,37.29,288.83,1.00,5.00,1.00,4.00
86.04,37.22,284.78,1.00,5.00,1.00,4.00
85.73,37.27,283.61,1.00,5.00,1.00,4.00
86.92,37.25,285.60,1.00,5.00,1.00,4.00
86.98,37.20,282.95,1.00,5.00,1.00,4.00
85.26,37.27,280.79,1.00,5.00,1.00,4.00
85.47,37.24,280.68,1.00,5.00,1.00,4.00
85.79,37.24,288.55,1.00,5.00,1.00,4.00
86.12,37.27,282.97,1.00,5.00,1.00,4.00
85.69,37.21,280.22,1.00,5.00,1.00,4.00
86.80,37.23,285.32,1.00,5.00,1.00,4.00
85.53,37.26,285.83,1.00,5.00,1.00,4.00
86.47,37.25,281.50,1.00,5.00,1.00,4.00
86.26,37.29,282.38,1.00,5.00,1.00,4.00
85.11,37.24,284.72,1.00,5.00,1.00,4.00
85.38,37.22,288.67,1.00,5.00,1.00,4.00
86.28,37.23,287.14,1.00,5.00,1.00,4.00
85.52,37.27,285.67,1.00,5.00,1.00,4.00
85.81,37.25,289.65,1.00,5.00,1.00,4.00
85.03,37.24,289.80,1.00,5.00,1.00,4.00
85.24,37.29,289.92,1.00,5.00,1.00,4.00
86.72,37.24,287.41,1.00,5.00,1.00,4.00
86.02,37.21,280.58,1.00,5.00,1.00,4.00
85.59,37.23,281.37,1.00,5.00,1.00,4.00
85.75,37.25,282.58,1.00,5.00,1.00,4.00
85.65,37.26,282.86,1.00,5.00,1.00,4.00
86.62,37.29,288.86,1.00,5.00,1.00,4.00
86.04,37.26,282.39,1.00,5.00,1.00,4.00
85.04,37.22,280.11,1.00,5.00,1.00,4.00
85.62,37.24,281.76,1.00,5.00,1.00,4.00
85.72,37.21,289.41,1.00,5.00,1.00,4.00
85.24,37.27,285.04,1.00,5.00,1.00,4.00
86.10,37.22,289.30,1.00,5.00,1.00,4.00
86.81,37.28,281.03,1.00,5.00,1.00,4.00
85.91,37.25,282.79,1.00,5.00,1.00,4.00
86.59,37.27,283.17,1.00,5.00,1.00,4.00
85.95,37.29,280.23,1.00,5.00,1.00,4.00
87, 37.3, 290, 1, 5 ,1 , 4
89.79,37.46,294.22,1.00,5.00,1.00,4.00
88.72,37.37,299.82,1.00,5.00,1.00,4.00
87.44,37.38,290.44,1.00,5.00,1.00,4.00
88.62,37.36,295.97,1.00,5.00,1.00,4.00
89.22,37.39,294.28,1.00,5.00,1.00,4.00
89.69,37.35,294.78,1.00,5.00,1.00,4.00
87.28,37.45,292.98,1.00,5.00,1.00,4.00
88.70,37.35,294.26,1.00,5.00,1.00,4.00
88.09,37.32,297.35,1.00,5.00,1.00,4.00
88.32,37.42,293.88,1.00,5.00,1.00,4.00
87.58,37.48,293.76,1.00,5.00,1.00,4.00
87.36,37.41,297.89,1.00,5.00,1.00,4.00
88.67,37.47,293.75,1.00,5.00,1.00,4.00
88.00,37.45,296.14,1.00,5.00,1.00,4.00
88.21,37.34,291.68,1.00,5.00,1.00,4.00
87.30,37.47,297.79,1.00,5.00,1.00,4.00
89.91,37.38,299.19,1.00,5.00,1.00,4.00
87.64,37.49,294.08,1.00,5.00,1.00,4.00
89.42,37.45,298.21,1.00,5.00,1.00,4.00
89.73,37.48,299.04,1.00,5.00,1.00,4.00
87.72,37.34,292.77,1.00,5.00,1.00,4.00
89.27,37.44,297.86,1.00,5.00,1.00,4.00
87.07,37.32,298.32,1.00,5.00,1.00,4.00
89.32,37.34,299.00,1.00,5.00,1.00,4.00
89.22,37.40,299.07,1.00,5.00,1.00,4.00
89.71,37.39,291.34,1.00,5.00,1.00,4.00
89.12,37.43,291.85,1.00,5.00,1.00,4.00
88.50,37.46,293.98,1.00,5.00,1.00,4.00
89.45,37.34,291.61,1.00,5.00,1.00,4.00
87.97,37.33,291.97,1.00,5.00,1.00,4.00
89.97,37.40,291.57,1.00,5.00,1.00,4.00
87.50,37.46,298.84,1.00,5.00,1.00,4.00
88.17,37.31,295.89,1.00,5.00,1.00,4.00
89.60,37.34,294.45,1.00,5.00,1.00,4.00
89.07,37.48,290.45,1.00,5.00,1.00,4.00
87.83,37.42,297.96,1.00,5.00,1.00,4.00
88.85,37.30,291.30,1.00,5.00,1.00,4.00
89.81,37.38,293.96,1.00,5.00,1.00,4.00
88.20,37.36,290.84,1.00,5.00,1.00,4.00
87.97,37.49,298.18,1.00,5.00,1.00,4.00
87.25,37.39,296.92,1.00,5.00,1.00,4.00
89.83,37.44,293.50,1.00,5.00,1.00,4.00
87.73,37.43,297.63,1.00,5.00,1.00,4.00
88.93,37.38,295.47,1.00,5.00,1.00,4.00
88.87,37.45,291.23,1.00,5.00,1.00,4.00
88.80,37.49,291.35,1.00,5.00,1.00,4.00
89.12,37.35,295.69,1.00,5.00,1.00,4.00
88.56,37.35,291.79,1.00,5.00,1.00,4.00
87.90,37.39,295.94,1.00,5.00,1.00,4.00
89.51,37.35,291.18,1.00,5.00,1.00,4.00
90,37.5,300,1,5,1,4